{"loss": 0.00946628674864769, "accuracy": 0.0173611119389534, "val_loss": 2.9253628253936768, "val_accuracy": 0.02083333395421505, "mean true negatives": 69.89583333333333, "mean false positives": 9.875, "mean false negatives": 35.6875, "mean true positives": 4.541666666666667, "mean_binary_accuracy": 0.6203124523162842}