{"mean true negatives": 79.02083333333333, "mean false positives": 0.75, "mean false negatives": 39.979166666666664, "mean true positives": 0.25, "mean_binary_accuracy": 0.6605902314186096}